Log Timestamp,Expected,Actual,Diff,Note
2025-09-15 06:32:09.315,7,6,-1,Missing
2025-09-15 08:02:19.043,10,11,1,Surplus
2025-09-16 19:07:26.245,8,7,-1,Missing
2025-09-16 19:37:34.844,8,9,1,Surplus
2025-09-16 21:07:30.732,10,11,1,Surplus
2025-09-18 07:02:27.490,22,21,-1,Missing
2025-09-18 13:03:39.476,24,23,-1,Missing
2025-09-19 15:35:37.623,14,0,-14,Missing
2025-09-19 20:07:29.662,5,3,-2,Missing
2025-09-22 06:11:30.959,1,2,1,Surplus
2025-09-22 14:06:28.567,13,14,1,Surplus
2025-09-23 13:33:40.054,5,6,1,Surplus
2025-09-23 20:06:26.142,8,9,1,Surplus
2025-09-23 20:40:04.103,9,8,-1,Missing
2025-09-24 14:35:16.431,3,4,1,Surplus
2025-09-24 16:35:08.696,5,6,1,Surplus
2025-09-26 15:04:22.378,9,10,1,Surplus
2025-09-27 19:35:34.723,15,16,1,Surplus
2025-09-28 08:02:02.290,14,15,1,Surplus
2025-09-29 07:01:48.857,19,18,-1,Missing
2025-09-29 10:32:58.484,17,18,1,Surplus
2025-09-30 18:05:55.907,1,2,1,Surplus
2025-09-30 21:37:19.208,3,2,-1,Missing
2025-10-02 01:31:43.058,8,7,-1,Missing
2025-10-02 02:01:41.371,7,8,1,Surplus
2025-10-02 15:04:38.849,15,16,1,Surplus
2025-10-02 20:06:43.538,2,3,1,Surplus
2025-10-02 20:36:55.752,3,2,-1,Missing
2025-10-03 06:02:13.286,3,2,-1,Missing
2025-10-03 07:01:46.798,3,4,1,Surplus
2025-10-03 11:33:30.952,3,2,-1,Missing
2025-10-03 12:03:08.548,3,4,1,Surplus
2025-10-03 14:04:53.299,5,4,-1,Missing
2025-10-04 23:08:09.188,5,4,-1,Missing
2025-10-05 10:01:54.772,7,6,-1,Missing
2025-10-05 10:31:57.492,7,8,1,Surplus
2025-10-08 05:03:04.460,6,5,-1,Missing
2025-10-08 05:31:47.084,5,6,1,Surplus
2025-10-10 16:07:45.123,6,7,1,Surplus
2025-10-10 23:09:44.525,1,0,-1,Missing
2025-10-11 13:33:02.929,11,10,-1,Missing
2025-10-11 14:03:20.727,7,8,1,Surplus
2025-10-13 07:31:43.967,14,12,-2,Missing
2025-10-13 11:03:08.342,-1,1,2,Surplus
2025-10-13 11:33:10.849,1,2,1,Surplus
2025-10-13 12:03:21.955,3,2,-1,Missing
2025-10-13 17:35:18.340,8,7,-1,Missing
2025-10-13 20:38:10.221,6,7,1,Surplus
2025-10-14 14:03:56.773,9,8,-1,Missing
2025-10-14 14:34:26.026,7,8,1,Surplus
2025-10-15 15:05:58.963,4,5,1,Surplus
2025-10-15 19:08:37.672,9,8,-1,Missing
2025-10-16 19:05:46.311,2,3,1,Surplus
2025-10-17 08:32:17.605,3,2,-1,Missing
2025-10-17 09:02:54.716,2,3,1,Surplus
2025-10-17 14:35:51.169,10,9,-1,Missing
2025-10-17 15:04:43.904,8,9,1,Surplus
2025-10-17 17:05:13.844,12,13,1,Surplus
2025-10-18 11:03:03.152,8,7,-1,Missing
2025-10-19 05:32:09.746,10,11,1,Surplus
2025-10-19 15:33:11.540,8,7,-1,Missing
2025-10-19 16:03:30.524,8,9,1,Surplus
2025-10-19 23:04:50.474,11,10,-1,Missing
